,extension,status,join_date
0,popupshop,1,2014-09-04 00:00:00
1,MelanieAuldJewelry,1,2014-09-11 00:00:00
2,lionetteny,1,2014-09-30 00:00:00
3,primary,1,2014-12-26 00:00:00
4,lspaceswim,1,2014-12-29 00:00:00
5,goodnightmacaroon,1,2015-02-01 00:00:00
6,beachbunnyswimwear,1,2015-02-03 00:00:00
7,lovehauslove,0,2015-02-05 00:00:00
8,lineapelle,1,2015-02-16 00:00:00
9,wildandfreejewelry,1,2015-02-26 00:00:00
10,lizzyjamesinspiration,1,2015-03-02 00:00:00
11,onzie,1,2015-03-02 00:00:00
12,laviebohemeyoga,1,2015-03-04 00:00:00
13,Beachbabeswimwear,1,2015-03-06 00:00:00
14,wolventhreads,1,2015-03-07 00:00:00
15,SHOPFIRSTBASE,1,2015-03-13 00:00:00
16,stitchandhide,1,2015-04-08 00:00:00
17,zanerobe,1,2015-04-15 00:00:00
18,bronzesnakeshop,1,2015-04-15 00:00:00
19,GUNAS,1,2015-04-23 00:00:00
20,oyeswimwear,1,2015-04-27 00:00:00
21,parkerthatch,1,2015-04-30 00:00:00
22,linenchest_french,1,2015-04-30 00:00:00
23,augustethelabel,1,2015-05-05 00:00:00
24,gooseberryintimates,1,2015-05-05 00:00:00
25,swimwearworld,1,2015-05-06 00:00:00
26,ExtraButter,1,2015-05-08 00:00:00
27,electricandrose,1,2015-05-09 00:00:00
28,swf,1,2015-05-10 00:00:00
29,kookai,1,2015-05-11 00:00:00
30,bettinis,1,2015-05-11 00:00:00
31,honeybirdette,1,2015-05-14 00:00:00
32,blenderseyewear,1,2015-05-21 00:00:00
33,hopeandmay,1,2015-05-25 00:00:00
34,artclubconcept,1,2015-05-27 00:00:00
35,prettypinkprincess,1,2015-05-31 00:00:00
36,myfashionlab,1,2015-06-01 00:00:00
37,federationclothing,1,2015-06-02 00:00:00
38,spell_byronbay,1,2015-06-03 00:00:00
39,bando,1,2015-06-05 00:00:00
40,fallenBROKENstreet,1,2015-06-09 00:00:00
41,sanlorenzobikinis,1,2015-06-10 00:00:00
42,meandmoo,0,2015-06-11 00:00:00
43,lot2029,0,2015-06-15 00:00:00
44,donajo,1,2015-06-16 00:00:00
45,theminimalist,1,2015-06-22 00:00:00
46,sheshopped,1,2015-06-23 00:00:00
47,superettestore,1,2015-06-23 00:00:00
48,ilovestonefox,1,2015-06-24 00:00:00
49,krystleknightjewellery,1,2015-06-25 00:00:00
50,sportsgirlinstagram,1,2015-07-05 00:00:00
51,lisablueswim,0,2015-07-06 00:00:00
52,aristides,1,2015-07-08 00:00:00
53,skinnymetea,1,2015-07-09 00:00:00
54,shopdixi,1,2015-07-11 00:00:00
55,tflt,1,2015-07-16 00:00:00
56,paredeyewear,1,2015-07-16 00:00:00
57,reynspooner,1,2015-07-16 00:00:00
58,arrowdivine,1,2015-07-22 00:00:00
59,cantikswimwear,1,2015-07-24 00:00:00
60,2pennyblue,0,2015-07-24 00:00:00
61,childrenofthetribe,1,2015-07-27 00:00:00
62,childofwild,1,2015-07-28 00:00:00
63,jawbreaking,0,2015-07-29 00:00:00
64,kaohs,1,2015-07-30 00:00:00
65,cultiver_goods,1,2015-07-31 00:00:00
66,vamastyle,1,2015-08-03 00:00:00
67,sickysworld,1,2015-08-04 00:00:00
68,pilyq,1,2015-08-05 00:00:00
69,moonandlola,1,2015-08-07 00:00:00
70,otaa,1,2015-08-09 00:00:00
71,kokohbikini,1,2015-08-10 00:00:00
72,issademar,1,2015-08-10 00:00:00
73,THEDARKHORSEJEWELLERY,1,2015-08-11 00:00:00
74,davidaugust,1,2015-08-11 00:00:00
75,unitedbyblue,1,2015-08-13 00:00:00
76,ISHINE365,1,2015-08-13 00:00:00
77,wintercroft,0,2015-08-15 00:00:00
78,au_ora,1,2015-08-16 00:00:00
79,MiaDonna,1,2015-08-17 00:00:00
80,samanthawills,1,2015-08-17 00:00:00
81,dope,1,2015-08-19 00:00:00
82,Aguabendita,1,2015-08-19 00:00:00
83,mantraband,1,2015-08-19 00:00:00
84,goldfinchbtq,1,2015-08-20 00:00:00
85,kitsch,1,2015-08-20 00:00:00
86,prismboutique,1,2015-08-22 00:00:00
87,moanabikini,1,2015-08-25 00:00:00
88,kurasu,1,2015-08-27 00:00:00
89,shopwhitefox,1,2015-08-27 00:00:00
90,milosraonic,1,2015-08-27 00:00:00
91,jgracedesigns,1,2015-08-28 00:00:00
92,theblockshop,1,2015-08-31 00:00:00
93,indah,1,2015-08-31 00:00:00
94,simplyworkout,0,2015-09-01 00:00:00
95,deadstudios,1,2015-09-01 00:00:00
96,theshoplaguna,1,2015-09-01 00:00:00
97,wantmylook,1,2015-09-01 00:00:00
98,denimandcloth,1,2015-09-02 00:00:00
99,mazarineaqua,1,2015-09-02 00:00:00
100,corello,1,2015-09-02 00:00:00
101,bychari,1,2015-09-02 00:00:00
102,sandmarc,1,2015-09-03 00:00:00
103,hellomollyfashion,1,2015-09-04 00:00:00
104,bikinislayer,1,2015-09-04 00:00:00
105,EMUAustralia,1,2015-09-04 00:00:00
106,thebareroad,0,2015-09-07 00:00:00
107,zohiinteriors,0,2015-09-08 00:00:00
108,SOUFEEL,0,2015-09-08 00:00:00
109,HuntingForGeorge,1,2015-09-08 00:00:00
110,gluestore,1,2015-09-09 00:00:00
111,drift_co,1,2015-09-09 00:00:00
112,elevenparis,1,2015-09-09 00:00:00
113,efcollection,1,2015-09-09 00:00:00
114,thecandlelibrary,1,2015-09-11 00:00:00
115,islasamsara,1,2015-09-11 00:00:00
116,top3,1,2015-09-11 00:00:00
117,soleil_blue,1,2015-09-13 00:00:00
118,sandaj,1,2015-09-14 00:00:00
119,oneillwomensaus,1,2015-09-14 00:00:00
120,suboostyle,1,2015-09-14 00:00:00
121,fashionnova,1,2015-09-15 00:00:00
122,boobydoo,1,2015-09-15 00:00:00
123,Calexicoboutique,1,2015-09-18 00:00:00
124,thesportsedit,1,2015-09-18 00:00:00
125,Entreaguas_Beachwear,0,2015-09-18 00:00:00
126,eshvi,1,2015-09-19 00:00:00
127,welovezenzendream,1,2015-09-20 00:00:00
128,pinksunactive,1,2015-09-20 00:00:00
129,senso,1,2015-09-21 00:00:00
130,wildercalifornia,0,2015-09-21 00:00:00
131,velinajewelry,1,2015-09-21 00:00:00
132,lolaandlamar,1,2015-09-21 00:00:00
133,kipandcoinstashop,1,2015-09-22 00:00:00
134,mikayogawear,1,2015-09-22 00:00:00
135,delmarswimwear,1,2015-09-22 00:00:00
136,status_anxiety,1,2015-09-23 00:00:00
137,gypsybeach,1,2015-09-23 00:00:00
138,silklaundry,1,2015-09-24 00:00:00
139,gypsylovinlight,1,2015-09-26 00:00:00
140,sunburnswimwear,1,2015-09-27 00:00:00
141,staticswimwear,1,2015-09-29 00:00:00
142,gilliaclothing,1,2015-09-30 00:00:00
143,officialminkpink,0,2015-09-30 00:00:00
144,cabinandcove,0,2015-09-30 00:00:00
145,bellamihair,1,2015-09-30 00:00:00
146,billabongwomensjapan,1,2015-10-01 00:00:00
147,beginningboutique,1,2015-10-01 00:00:00
148,Nialaya,1,2015-10-01 00:00:00
149,anarchystreet,0,2015-10-01 00:00:00
150,areyouami,1,2015-10-04 00:00:00
151,trulyblessedjewels,1,2015-10-04 00:00:00
152,sivanaspirit,1,2015-10-04 00:00:00
153,wearekindred,1,2015-10-05 00:00:00
154,duetshoes,1,2015-10-05 00:00:00
155,gocontigo,1,2015-10-05 00:00:00
156,societyofnow,1,2015-10-06 00:00:00
157,sjlingerie,1,2015-10-06 00:00:00
158,shopresurrection,1,2015-10-07 00:00:00
159,AsRx,1,2015-10-09 00:00:00
160,olloclip,1,2015-10-12 00:00:00
161,cornerboothstore,1,2015-10-13 00:00:00
162,gypsywarrior,1,2015-10-13 00:00:00
163,staplethelabel,0,2015-10-13 00:00:00
164,shophoneybeat,1,2015-10-14 00:00:00
165,6bygeebeauty,1,2015-10-15 00:00:00
166,shop-marysia-swim-instagram,1,2015-10-15 00:00:00
167,vagabond-beach,1,2015-10-16 00:00:00
168,magalipascal,1,2015-10-16 00:00:00
169,easternsoul,1,2015-10-17 00:00:00
170,nakedvice,1,2015-10-19 00:00:00
171,miannandco,1,2015-10-19 00:00:00
172,BearStrength,0,2015-10-19 00:00:00
173,PinkARROWSBoutique,0,2015-10-19 00:00:00
174,nicdelmar,1,2015-10-19 00:00:00
175,shopinstagram,1,2015-10-20 00:00:00
176,jaggad_shopinsta,1,2015-10-20 00:00:00
177,hendrixandharlow,1,2015-10-21 00:00:00
178,ZCInstashop,1,2015-10-21 00:00:00
179,cheerfulchic,1,2015-10-22 00:00:00
180,suitedmanstyle,1,2015-10-24 00:00:00
181,originalgrain,1,2015-10-26 00:00:00
182,SocietySocial,1,2015-10-27 00:00:00
183,stampd,1,2015-10-27 00:00:00
184,teeki,1,2015-10-27 00:00:00
185,darlingdistraction-insta,1,2015-10-28 00:00:00
186,huxbaby,0,2015-10-28 00:00:00
187,luxeview,1,2015-10-28 00:00:00
188,lackofcolor,1,2015-10-28 00:00:00
189,vitaminaswim,1,2015-10-28 00:00:00
190,catherineweitzman,1,2015-10-28 00:00:00
191,solerebels,1,2015-10-29 00:00:00
192,RevivalRetro,0,2015-10-29 00:00:00
193,poupettestbarth,0,2015-10-29 00:00:00
194,daintyhooligan,1,2015-10-29 00:00:00
195,ADLINAANIS,1,2015-11-02 00:00:00
196,leahalexandra,1,2015-11-02 00:00:00
197,steviemay_byronbay,0,2015-11-03 00:00:00
198,glamcorner,1,2015-11-03 00:00:00
199,mollybrownsswim,1,2015-11-03 00:00:00
200,amazinglace,1,2015-11-04 00:00:00
201,BrighterWhite-Results,0,2015-11-04 00:00:00
202,van-de-vort,1,2015-11-04 00:00:00
203,amusesociety,1,2015-11-04 00:00:00
204,vissla,1,2015-11-04 00:00:00
205,Sky,1,2015-11-06 00:00:00
206,talis,1,2015-11-07 00:00:00
207,pengems,1,2015-11-08 00:00:00
208,weightless,1,2015-11-09 00:00:00
209,khongboon,1,2015-11-09 00:00:00
210,lenni_thelabel,1,2015-11-10 00:00:00
211,swimspot,1,2015-11-12 00:00:00
212,thefreedomstate,1,2015-11-13 00:00:00
213,littlejoewoman,1,2015-11-13 00:00:00
214,clearweatherbrand,1,2015-11-13 00:00:00
215,emcosmetics,0,2015-11-13 00:00:00
216,sea-of-candi-bikini,1,2015-11-13 00:00:00
217,peacecollective,1,2015-11-15 00:00:00
218,craftandcompany,1,2015-11-16 00:00:00
219,liberatedheart,1,2015-11-17 00:00:00
220,vieactive,1,2015-11-18 00:00:00
221,ccccccccc,1,2015-11-19 00:00:00
222,culturekings,0,2015-11-20 00:00:00
223,third_form,1,2015-11-22 00:00:00
224,localsupply,0,2015-11-23 00:00:00
225,nicceclothing,1,2015-11-23 00:00:00
226,summerloveswimwear,1,2015-11-23 00:00:00
227,geebeauty-bal-harbour,1,2015-11-23 00:00:00
228,GIR,1,2015-11-24 00:00:00
229,Baethelabel,1,2015-11-24 00:00:00
230,sauvageswimwear,1,2015-11-24 00:00:00
231,parkerwool,1,2015-11-24 00:00:00
232,modelco,1,2015-11-25 00:00:00
233,underated,1,2015-11-25 00:00:00
234,Civilianaire,1,2015-11-26 00:00:00
235,pixiemarket,1,2015-11-27 00:00:00
236,hardgraft,1,2015-11-29 00:00:00
237,beachgold,1,2015-11-30 00:00:00
238,wolschwatches,1,2015-11-30 00:00:00
239,fashercise,1,2015-11-30 00:00:00
240,bracelets,1,2015-11-30 00:00:00
241,seletticonceptstore,1,2015-12-01 00:00:00
242,fromthepeloton,1,2015-12-01 00:00:00
243,vuori,1,2015-12-02 00:00:00
244,infinitedefiniteboutique,1,2015-12-03 00:00:00
245,tcellis,1,2015-12-03 00:00:00
246,losarihomeandwoman,1,2015-12-03 00:00:00
247,lessonsconceptstore,1,2015-12-03 00:00:00
248,freevibrationz,1,2015-12-03 00:00:00
249,obeywomens,1,2015-12-04 00:00:00
250,mochibrand,1,2015-12-04 00:00:00
251,inklawclothing,0,2015-12-07 00:00:00
252,catwalkjunkie,1,2015-12-08 00:00:00
253,thelondoner,1,2015-12-09 00:00:00
254,oppermannlondon,1,2015-12-10 00:00:00
255,stylerunner,1,2015-12-10 00:00:00
256,brunacoleccion,1,2015-12-11 00:00:00
257,Laliandlayla,1,2015-12-13 00:00:00
258,believe-e,1,2015-12-13 00:00:00
259,prenatal_nl,1,2015-12-15 00:00:00
260,native-youth,1,2015-12-16 00:00:00
261,MESHKI,1,2015-12-17 00:00:00
262,satisfy,0,2015-12-17 00:00:00
263,kendakistjewelry,1,2015-12-18 00:00:00
264,museumclothing,1,2015-12-21 00:00:00
265,shop-damselfly,0,2015-12-21 00:00:00
266,stateofescape,1,2015-12-22 00:00:00
267,tinypeople,1,2015-12-24 00:00:00
268,shoptboutique,1,2015-12-24 00:00:00
269,KISSKILL,1,2015-12-25 00:00:00
270,billierose,1,2015-12-30 00:00:00
271,truvapelv,1,2015-12-31 00:00:00
272,neffheadwear,1,2015-12-31 00:00:00
273,pasiondemaria,1,2016-01-03 00:00:00
274,alexandreanissa,0,2016-01-03 00:00:00
275,nicemartin,1,2016-01-04 00:00:00
276,shopgreigedesign,1,2016-01-05 00:00:00
277,mjgstore,1,2016-01-07 00:00:00
278,irenesstory,1,2016-01-07 00:00:00
279,lisablueswimau,0,2016-01-07 00:00:00
280,frasiersterling,1,2016-01-11 00:00:00
281,Kultivate,1,2016-01-12 00:00:00
282,wigisfashion,1,2016-01-24 00:00:00
283,spiritualgangster,1,2016-01-25 00:00:00
284,regalrose,1,2016-01-25 00:00:00
285,lucaanddanni,1,2016-01-26 00:00:00
286,Yoobi,1,2016-01-26 00:00:00
287,alohacollection,1,2016-01-26 00:00:00
288,shoe_connection,1,2016-01-27 00:00:00
289,nrfbinsta-shop,1,2016-01-28 00:00:00
290,roka,1,2016-01-28 00:00:00
291,bonnieborland,1,2016-01-28 00:00:00
292,wishwishwish,0,2016-01-28 00:00:00
293,swimco,1,2016-01-28 00:00:00
294,thefifthco,1,2016-01-29 00:00:00
295,danarebecca,1,2016-01-29 00:00:00
296,bradleymountain,1,2016-01-29 00:00:00
297,snkr,1,2016-01-31 00:00:00
298,nataliewaldmandesigns,0,2016-02-02 00:00:00
299,bardot,1,2016-02-02 00:00:00
300,PJSalvage,1,2016-02-02 00:00:00
301,flowwall,1,2016-02-02 00:00:00
302,invarley,1,2016-02-03 00:00:00
303,shopzenger,1,2016-02-03 00:00:00
304,sohogirl,1,2016-02-04 00:00:00
305,humanicshoes,1,2016-02-04 00:00:00
306,coloradothreads,1,2016-02-04 00:00:00
307,featuresneakerboutique,1,2016-02-04 00:00:00
308,sloaneandtate,1,2016-02-05 00:00:00
309,vidasoleil,1,2016-02-05 00:00:00
310,MariaTash,1,2016-02-06 00:00:00
311,bonds,1,2016-02-08 00:00:00
312,calibreshopinstagram,1,2016-02-09 00:00:00
313,rareplayingcards,1,2016-02-09 00:00:00
314,NomadGoods,1,2016-02-09 00:00:00
315,indieandharper,1,2016-02-10 00:00:00
316,sollis,0,2016-02-10 00:00:00
317,byinviteonlystore,1,2016-02-10 00:00:00
318,orianalamarca,1,2016-02-11 00:00:00
319,izzybe,0,2016-02-11 00:00:00
320,wigwamsocks,1,2016-02-11 00:00:00
321,styletribute,1,2016-02-12 00:00:00
322,whistleandflute,1,2016-02-13 00:00:00
323,dyspnea,1,2016-02-14 00:00:00
324,foxers,1,2016-02-15 00:00:00
325,kendamausa,1,2016-02-15 00:00:00
326,hatchedbaby,1,2016-02-15 00:00:00
327,americanrag,1,2016-02-15 00:00:00
328,Tribe-Jewelry,1,2016-02-16 00:00:00
329,carlabikini,1,2016-02-16 00:00:00
330,nordkinder,0,2016-02-16 00:00:00
331,blndn,0,2016-02-16 00:00:00
332,YoHome,1,2016-02-17 00:00:00
333,showmeyourmumu,1,2016-02-18 00:00:00
334,stylecompare,1,2016-02-18 00:00:00
335,VeganScene,1,2016-02-19 00:00:00
336,dropdead,1,2016-02-19 00:00:00
337,the-are,1,2016-02-19 00:00:00
338,reformation,1,2016-02-19 00:00:00
339,unif,1,2016-02-19 00:00:00
340,rebelathletic,1,2016-02-21 00:00:00
341,love-stories-intimates,1,2016-02-22 00:00:00
342,tinystyle,1,2016-02-23 00:00:00
343,ninefiveltd,1,2016-02-23 00:00:00
344,shona-joy,1,2016-02-23 00:00:00
345,batoko,1,2016-02-23 00:00:00
346,social-threads,0,2016-02-23 00:00:00
347,mango-molli-swimwear,1,2016-02-24 00:00:00
348,wanderlust-co,1,2016-02-24 00:00:00
349,holland-cooper,1,2016-02-24 00:00:00
350,brooklinen,1,2016-02-25 00:00:00
351,templestones,1,2016-02-26 00:00:00
352,cara-loren,0,2016-02-26 00:00:00
353,lorna-jane,1,2016-02-26 00:00:00
354,whitecrow,1,2016-02-26 00:00:00
355,kovey,1,2016-02-27 00:00:00
356,24hundred,1,2016-02-29 00:00:00
357,avawilde,1,2016-02-29 00:00:00
358,MyAnabelle,1,2016-02-29 00:00:00
359,melroso,1,2016-02-29 00:00:00
360,get-back-supply-co,1,2016-02-29 00:00:00
361,furbish,1,2016-02-29 00:00:00
362,bec-and-bridge,1,2016-02-29 00:00:00
363,howsty,1,2016-03-01 00:00:00
364,twelve-thirteen-jewelry,1,2016-03-01 00:00:00
365,playful-promises,1,2016-03-01 00:00:00
366,brixton,1,2016-03-01 00:00:00
367,bras-n-things,1,2016-03-02 00:00:00
368,food52,1,2016-03-02 00:00:00
369,madison-square-clothing,1,2016-03-03 00:00:00
370,akid,1,2016-03-03 00:00:00
371,scotch-and-soda,1,2016-03-03 00:00:00
372,the-birdcage-boutique,1,2016-03-04 00:00:00
373,mary-and-me-boutique,1,2016-03-04 00:00:00
374,mosmann_au,1,2016-03-04 00:00:00
375,wornstar,0,2016-03-04 00:00:00
376,talorton,1,2016-03-04 00:00:00
377,swoon-boutique,1,2016-03-04 00:00:00
378,sugar-paper,1,2016-03-04 00:00:00
379,wyliegrey,1,2016-03-05 00:00:00
380,finerrings,1,2016-03-07 00:00:00
381,hbx,0,2016-03-07 00:00:00
382,ironandresin,1,2016-03-08 00:00:00
383,loxleyengland,1,2016-03-08 00:00:00
384,refrisource,1,2016-03-09 00:00:00
385,lipaultparis_au,1,2016-03-10 00:00:00
386,juno,0,2016-03-10 00:00:00
387,vitaly-design,1,2016-03-10 00:00:00
388,zerogravity,0,2016-03-10 00:00:00
389,sterlingforever,1,2016-03-11 00:00:00
390,cocodune,0,2016-03-11 00:00:00
391,maridajewelry,1,2016-03-12 00:00:00
392,slinkii,1,2016-03-13 00:00:00
393,talulah_label,0,2016-03-13 00:00:00
394,nailhur,1,2016-03-14 00:00:00
395,get-salty,0,2016-03-14 00:00:00
396,mandukayoga,1,2016-03-15 00:00:00
397,madisonla,1,2016-03-15 00:00:00
398,aquila,1,2016-03-17 00:00:00
399,olga-berg,1,2016-03-17 00:00:00
400,neon-rose,1,2016-03-17 00:00:00
401,diff,1,2016-03-17 00:00:00
402,solefly,0,2016-03-20 00:00:00
403,ratbagg,1,2016-03-21 00:00:00
404,the-hip-tee,1,2016-03-21 00:00:00
405,mary-grace-swim,1,2016-03-21 00:00:00
406,bruug,1,2016-03-22 00:00:00
407,morrisday-the-label,1,2016-03-23 00:00:00
408,factorie,0,2016-03-23 00:00:00
409,luna-chick,1,2016-03-23 00:00:00
410,black-rooster-decor,0,2016-03-23 00:00:00
411,sugarhigh-lovestoned,1,2016-03-23 00:00:00
412,christie-nicole,1,2016-03-23 00:00:00
413,diamondcandles,1,2016-03-23 00:00:00
414,opus,1,2016-03-23 00:00:00
415,cloth-and-co,1,2016-03-24 00:00:00
416,fabrik,1,2016-03-24 00:00:00
417,distorted-people,1,2016-03-24 00:00:00
418,electricpicks,1,2016-03-24 00:00:00
419,tree-hut,1,2016-03-24 00:00:00
420,zoe-and-morgan,1,2016-03-24 00:00:00
421,inspiration-by-laa,1,2016-03-25 00:00:00
422,mltd,1,2016-03-25 00:00:00
423,knotsisters,1,2016-03-25 00:00:00
424,onedressonelove,1,2016-03-27 00:00:00
425,carpe-diem-jewellery,1,2016-03-28 00:00:00
426,abbott-lyon,1,2016-03-28 00:00:00
427,beachriot,0,2016-03-29 00:00:00
428,shop-lux-clothing,1,2016-03-30 00:00:00
429,alexandra-koumba,1,2016-03-30 00:00:00
430,the-duchesses,1,2016-03-31 00:00:00
431,jaxnblvd,1,2016-03-31 00:00:00
432,profound-aesthetic,1,2016-03-31 00:00:00
433,key-design,1,2016-03-31 00:00:00
434,iedm,1,2016-04-01 00:00:00
435,aim-n,1,2016-04-03 00:00:00
436,ivy-muse,1,2016-04-04 00:00:00
437,kitx,1,2016-04-04 00:00:00
438,wala-swim,1,2016-04-04 00:00:00
439,goldblack-premium-accessoires,0,2016-04-04 00:00:00
440,new-balance-au,1,2016-04-05 00:00:00
441,hoteletail1,1,2016-04-05 00:00:00
442,meltcosmetics,1,2016-04-05 00:00:00
443,heather-pullis-designs,1,2016-04-06 00:00:00
444,hot-as-hell,1,2016-04-06 00:00:00
445,living-royal,1,2016-04-06 00:00:00
446,mestiza-new-york,1,2016-04-06 00:00:00
447,designbyhumans,1,2016-04-06 00:00:00
448,sandaspa,0,2016-04-07 00:00:00
449,epokhe,1,2016-04-08 00:00:00
450,the-ridge-wallet,1,2016-04-08 00:00:00
451,android-homme,1,2016-04-09 00:00:00
452,izasoler,1,2016-04-10 00:00:00
453,napoleon-perdis,1,2016-04-11 00:00:00
454,urge-footwear,1,2016-04-12 00:00:00
455,august,1,2016-04-12 00:00:00
456,raging-mammoth,0,2016-04-12 00:00:00
457,misred-outfitters,0,2016-04-13 00:00:00
458,zingiber,1,2016-04-14 00:00:00
459,nectar,1,2016-04-15 00:00:00
460,penny-farthing-design-house,1,2016-04-15 00:00:00
461,modernshelving,1,2016-04-16 00:00:00
462,autobahnlife,1,2016-04-16 00:00:00
463,fillyboomaternity,1,2016-04-17 00:00:00
464,enclave-mfg-co,1,2016-04-18 00:00:00
465,taylor-morris-eyewear,0,2016-04-19 00:00:00
466,tobiasandthebear,1,2016-04-19 00:00:00
467,pebby-forevee,1,2016-04-19 00:00:00
468,riffraff,1,2016-04-19 00:00:00
469,bourbonandboweties,1,2016-04-20 00:00:00
470,mozaico,1,2016-04-20 00:00:00
471,charm-it,1,2016-04-20 00:00:00
472,house-of-creed,1,2016-04-20 00:00:00
473,stolengirlfriendsclub,1,2016-04-20 00:00:00
474,sundays-the-label,1,2016-04-21 00:00:00
475,ameliabyamelia,0,2016-04-21 00:00:00
476,brazil-wear,1,2016-04-21 00:00:00
477,janepopejewelry,1,2016-04-22 00:00:00
478,stargaze-jewelry,1,2016-04-24 00:00:00
479,Melissa_Harris_Jewellery,1,2016-04-25 00:00:00
480,theo-and-levi,1,2016-04-25 00:00:00
481,active-style,1,2016-04-25 00:00:00
482,mariapascual,1,2016-04-26 00:00:00
483,hummingbirdstraws,1,2016-04-26 00:00:00
484,beyourself-boutique,0,2016-04-26 00:00:00
485,taylorboardshortco,1,2016-04-28 00:00:00
486,sourceress,0,2016-04-28 00:00:00
487,glam-fit-bikinis,1,2016-04-28 00:00:00
488,banana-moon,1,2016-04-28 00:00:00
489,kollar-clothing,1,2016-04-28 00:00:00
490,lolli-swim,1,2016-04-29 00:00:00
491,whimsy-and-row,1,2016-04-30 00:00:00
492,luna-beach,1,2016-05-01 00:00:00
493,meadowlarkjewellery,1,2016-05-02 00:00:00
494,barberryandlace,1,2016-05-02 00:00:00
495,the-home-t,1,2016-05-02 00:00:00
496,raindrops,1,2016-05-02 00:00:00
497,crapeyewear,1,2016-05-03 00:00:00
498,CoolPencilCase,1,2016-05-03 00:00:00
499,elmcompany,1,2016-05-03 00:00:00
500,margaret-elizabeth,1,2016-05-03 00:00:00
501,darlinjewelry,0,2016-05-04 00:00:00
502,lucy-folk,1,2016-05-05 00:00:00
503,inner-fire,1,2016-05-06 00:00:00
504,mod-mode,0,2016-05-07 00:00:00
505,ora-boutique,0,2016-05-09 00:00:00
506,1item,0,2016-05-09 00:00:00
507,mission-critical,1,2016-05-09 00:00:00
508,saint-bowery,0,2016-05-10 00:00:00
509,crooked-howlet-designs,1,2016-05-10 00:00:00
510,uintah-collection,1,2016-05-10 00:00:00
511,father-rabbit,1,2016-05-10 00:00:00
512,style-addict,1,2016-05-11 00:00:00
513,charlotte-mills,1,2016-05-11 00:00:00
514,mara-carrizo-scalise,1,2016-05-11 00:00:00
515,carbon-and-hyde,1,2016-05-11 00:00:00
516,the-orchid-boutique,1,2016-05-12 00:00:00
517,vestique,1,2016-05-12 00:00:00
518,kindred-the-boheme-collective,0,2016-05-12 00:00:00
519,hip-digs-home-and-lifestyle,1,2016-05-12 00:00:00
520,berry-beer,0,2016-05-13 00:00:00
521,lush-fashion-lounge,1,2016-05-13 00:00:00
522,streetco,1,2016-05-16 00:00:00
523,n-philanthropy,1,2016-05-16 00:00:00
524,afends,0,2016-05-17 00:00:00
525,eurolight,0,2016-05-17 00:00:00
526,aje,0,2016-05-17 00:00:00
527,thearmoury,1,2016-05-17 00:00:00
528,koshikira,1,2016-05-17 00:00:00
529,amaro,1,2016-05-17 00:00:00
530,timka-jewelry,1,2016-05-18 00:00:00
531,the-clinton-company,0,2016-05-18 00:00:00
532,little-black-diamond,1,2016-05-18 00:00:00
533,wittybae,1,2016-05-18 00:00:00
534,colette,1,2016-05-18 00:00:00
535,supre,1,2016-05-18 00:00:00
536,gils-clothing-and-denim-bar,1,2016-05-19 00:00:00
537,sunmoonrain,1,2016-05-20 00:00:00
538,moxyo,1,2016-05-20 00:00:00
539,let-liv,1,2016-05-21 00:00:00
540,drift-lifestyle,1,2016-05-23 00:00:00
541,mrstraps,1,2016-05-23 00:00:00
542,the-cassette-company,0,2016-05-23 00:00:00
543,leina-broughton,1,2016-05-24 00:00:00
544,prettydogshop,0,2016-05-24 00:00:00
545,leonard-and-church,1,2016-05-24 00:00:00
546,joyalife,1,2016-05-24 00:00:00
547,makeup-mekka,1,2016-05-24 00:00:00
548,85online,1,2016-05-24 00:00:00
549,miranda-bennett-studio,0,2016-05-24 00:00:00
550,edge-clothing,1,2016-05-25 00:00:00
551,sunglassjunkie,1,2016-05-25 00:00:00
552,henri-girl,1,2016-05-25 00:00:00
553,dragonfly-brand,1,2016-05-26 00:00:00
554,she-rambles,0,2016-05-26 00:00:00
555,case-mate,1,2016-05-26 00:00:00
556,the-wrap-life,0,2016-05-27 00:00:00
557,liquidoaus,1,2016-05-27 00:00:00
558,album-surfboards,0,2016-05-27 00:00:00
559,gypsea-swimwear,0,2016-05-28 00:00:00
560,tiny-trendsetter,1,2016-05-29 00:00:00
561,juliette-hogan,1,2016-05-29 00:00:00
562,theartling,0,2016-05-30 00:00:00
563,glitterista,1,2016-05-30 00:00:00
564,snaply,0,2016-05-30 00:00:00
565,fashion-to-figure,1,2016-05-30 00:00:00
566,odina,1,2016-05-31 00:00:00
567,emmatika,1,2016-06-01 00:00:00
568,sokoloff-lingerie,1,2016-06-01 00:00:00
569,ohana-swim,0,2016-06-01 00:00:00
570,umoro,0,2016-06-02 00:00:00
571,reddressboutique,1,2016-06-02 00:00:00
572,always-riding,0,2016-06-02 00:00:00
573,goodhyouman,1,2016-06-02 00:00:00
574,impressions,1,2016-06-03 00:00:00
575,campbound,0,2016-06-03 00:00:00
576,crave-yard-store,0,2016-06-06 00:00:00
577,lablancaswim,1,2016-06-06 00:00:00
578,valley-eyewear,1,2016-06-07 00:00:00
579,aviator-nation-ig,1,2016-06-07 00:00:00
580,necessaryclothing,1,2016-06-08 00:00:00
581,baredfootwear,1,2016-06-08 00:00:00
582,palmaira-sandals-australia,1,2016-06-08 00:00:00
583,orolosangeles,1,2016-06-08 00:00:00
584,shannonpasssero,1,2016-06-08 00:00:00
585,walker-edison,1,2016-06-08 00:00:00
586,chaos-and-harmony,1,2016-06-09 00:00:00
587,white-bohemian,1,2016-06-09 00:00:00
588,juluxeworld,1,2016-06-09 00:00:00
589,NimbleActivewear,0,2016-06-09 00:00:00
590,effiespaper,1,2016-06-09 00:00:00
591,joyrich,1,2016-06-09 00:00:00
592,tiny-devotions,0,2016-06-09 00:00:00
593,new-balance-classics-new-zealand,1,2016-06-10 00:00:00
594,deuce-brand,0,2016-06-10 00:00:00
595,shop-purple-cow,1,2016-06-10 00:00:00
596,monkhousedesign,1,2016-06-13 00:00:00
597,tiff-manuell,1,2016-06-13 00:00:00
598,misscircle,1,2016-06-13 00:00:00
599,bobobobo2,1,2016-06-14 00:00:00
600,designaglow,1,2016-06-14 00:00:00
601,pacific-and-driftwood,0,2016-06-14 00:00:00
602,fashionable,1,2016-06-15 00:00:00
603,felonycase,0,2016-06-15 00:00:00
604,iron-and-resin,1,2016-06-15 00:00:00
605,mint-boutique,0,2016-06-16 00:00:00
606,brandymelvilleuk,0,2016-06-16 00:00:00
607,pantstore,1,2016-06-17 00:00:00
608,little-design-co,1,2016-06-17 00:00:00
609,dollup-beauty,0,2016-06-17 00:00:00
610,my-cup-runneth-over,1,2016-06-19 00:00:00
611,roger-david,1,2016-06-20 00:00:00
612,couverture-and-the-garbstore,1,2016-06-21 00:00:00
613,blue-eyed-girl,1,2016-06-21 00:00:00
614,nightcap-clothing,1,2016-06-21 00:00:00
615,manning-cartell,1,2016-06-22 00:00:00
616,p-e-nation,1,2016-06-22 00:00:00
617,koko-and-palenki,1,2016-06-22 00:00:00
618,curlformers,1,2016-06-22 00:00:00
619,skinitllc,1,2016-06-22 00:00:00
620,leotanewyork,1,2016-06-23 00:00:00
621,alala,0,2016-06-23 00:00:00
622,daughtersofculture,1,2016-06-24 00:00:00
623,willow-and-the-little-gypsies,0,2016-06-25 00:00:00
624,keyway-designs,1,2016-06-25 00:00:00
625,caroline-receveur,1,2016-06-26 00:00:00
626,the-daily-edited,1,2016-06-27 00:00:00
627,totem-road,1,2016-06-27 00:00:00
628,keepsake-the-label,1,2016-06-27 00:00:00
629,shopthefloor,1,2016-06-27 00:00:00
630,olive-piper,1,2016-06-27 00:00:00
631,lovestrength,1,2016-06-28 00:00:00
632,rovingmode,1,2016-06-28 00:00:00
633,for-elyse,0,2016-06-28 00:00:00
634,running-bare,1,2016-06-29 00:00:00
635,mahiya,1,2016-06-29 00:00:00
636,newcastle-drum-centre,0,2016-06-29 00:00:00
637,reason,1,2016-06-29 00:00:00
638,sisters-and-co,0,2016-06-30 00:00:00
639,berlei,1,2016-06-30 00:00:00
640,the-source,0,2016-06-30 00:00:00
641,brazilianbikinishop,1,2016-06-30 00:00:00
642,real-sports-apparel,1,2016-07-01 00:00:00
643,maddie-merriweather,1,2016-07-03 00:00:00
644,Stheels,0,2016-07-03 00:00:00
645,nature-baby,1,2016-07-05 00:00:00
646,ivory-ella,1,2016-07-05 00:00:00
647,vrs-design,0,2016-07-05 00:00:00
648,the-lingerie-store-usa,1,2016-07-05 00:00:00
649,bolt-of-cloth,1,2016-07-06 00:00:00
650,ldc-fashion,1,2016-07-06 00:00:00
651,picpoket,1,2016-07-06 00:00:00
652,too-much,0,2016-07-06 00:00:00
653,angie-crabtree,0,2016-07-06 00:00:00
654,shoplemonde,1,2016-07-06 00:00:00
655,primness,1,2016-07-07 00:00:00
656,w-and-p-design,1,2016-07-07 00:00:00
657,colourpop,1,2016-07-08 00:00:00
658,urban-escape,1,2016-07-08 00:00:00
659,manieredevoir,1,2016-07-08 00:00:00
660,bycharlotte,1,2016-07-09 00:00:00
661,beyondbeanie,1,2016-07-09 00:00:00
662,paolocostagliofficial,1,2016-07-09 00:00:00
663,pleasedonttell,1,2016-07-10 00:00:00
664,zodelise,1,2016-07-11 00:00:00
665,marla-aaron,1,2016-07-11 00:00:00
666,tigerlily,1,2016-07-12 00:00:00
667,unique-cases,1,2016-07-12 00:00:00
668,madame-fancy-pants,1,2016-07-12 00:00:00
669,zobha,1,2016-07-13 00:00:00
670,minimarketbyvandevort,1,2016-07-13 00:00:00
671,american-rag,1,2016-07-14 00:00:00
672,ban-do-wholesale,1,2016-07-14 00:00:00
673,luke-rose-jewellery,1,2016-07-16 00:00:00
674,love-xo-piper,1,2016-07-16 00:00:00
675,KaiKini,1,2016-07-16 00:00:00
676,two-tykes,1,2016-07-16 00:00:00
677,monpetitbikini,1,2016-07-18 00:00:00
678,maison-du-soir,1,2016-07-18 00:00:00
679,miss-crabb,1,2016-07-18 00:00:00
680,neuw-mens-looks,1,2016-07-19 00:00:00
681,neuw-womens-looks,1,2016-07-19 00:00:00
682,sixthjune,1,2016-07-19 00:00:00
683,covetdance,1,2016-07-19 00:00:00
684,camilynbeth,1,2016-07-19 00:00:00
685,cami-nyc,1,2016-07-19 00:00:00
686,southern-hippie,1,2016-07-19 00:00:00
687,quiwi-house,1,2016-07-20 00:00:00
688,temperley-london,1,2016-07-20 00:00:00
689,glorious-pasties,1,2016-07-20 00:00:00
690,gjenmi,1,2016-07-20 00:00:00
691,groovys,1,2016-07-20 00:00:00
692,tilebar,1,2016-07-20 00:00:00
693,marika,1,2016-07-20 00:00:00
694,clocks-and-colours,1,2016-07-20 00:00:00
695,ps-the-label,1,2016-07-21 00:00:00
696,indlights,1,2016-07-21 00:00:00
697,lane-201,1,2016-07-21 00:00:00
698,sukishufu-llp,1,2016-07-21 00:00:00
699,victoria-elizabeth-barnes,1,2016-07-22 00:00:00
700,albion,1,2016-07-22 00:00:00
701,peculiar,0,2016-07-23 00:00:00
702,drumshop-uk,0,2016-07-23 00:00:00
703,skye-group,1,2016-07-24 00:00:00
704,babu,1,2016-07-26 00:00:00
705,auguststreet,1,2016-07-26 00:00:00
706,bodyrock,1,2016-07-26 00:00:00
707,red-carter,1,2016-07-27 00:00:00
708,goldsheep,1,2016-07-28 00:00:00
709,inkspot-workshop,0,2016-07-28 00:00:00
710,lavishalice,1,2016-07-28 00:00:00
711,everydaycalifornia,1,2016-07-28 00:00:00
712,spiritjersey,1,2016-07-28 00:00:00
713,thefabulousrag,0,2016-07-28 00:00:00
714,laagam,1,2016-07-29 00:00:00
715,emprada,1,2016-07-30 00:00:00
716,2eros,1,2016-07-31 00:00:00
